<?xml version="1.0" encoding="UTF-8"?>
<project-private xmlns="http://www.netbeans.org/ns/project-private/1">
    <editor-bookmarks xmlns="http://www.netbeans.org/ns/editor-bookmarks/2" lastBookmarkId="0"/>
    <open-files xmlns="http://www.netbeans.org/ns/projectui-open-files/2">
        <group>
            <file>file:/C:/Users/jimmi/Documents/NetBeansProjects/Client/src/Frame.java</file>
            <file>file:/C:/Users/jimmi/Documents/NetBeansProjects/Client/src/InsertPanel.java</file>
            <file>file:/C:/Users/jimmi/Documents/NetBeansProjects/Client/src/Movie.java</file>
            <file>file:/C:/Users/jimmi/Documents/NetBeansProjects/Client/src/Client.java</file>
            <file>file:/C:/Users/jimmi/Documents/NetBeansProjects/Client/src/SearchPanel.java</file>
        </group>
    </open-files>
</project-private>
